[{"영화명": "아이언 맨", "감독": "존 파브로", "개봉일": "2008.04.30", "시리즈": "페이즈1", "상영분": 125, "박스오피스": 585174222}, {"영화명": "인크레더블 헐크", "감독": "루이 르테리에", "개봉일": "2008.06.12", "시리즈": "페이즈1", "상영분": 113, "박스오피스": 263427551}, {"영화명": "아이언 맨 2", "감독": "존 파브로", "개봉일": "2010.04.29", "시리즈": "페이즈1", "상영분": 125, "박스오피스": 623933331}, {"영화명": "토르: 천둥의 신", "감독": "케네스 브래너", "개봉일": "2011.01.11", "시리즈": "페이즈1", "상영분": 115, "박스오피스": 449326618}, {"영화명": "퍼스트 어벤져", "감독": "조 존스턴", "개봉일": "2011.07.22", "시리즈": "페이즈1", "상영분": 124, "박스오피스": 370569774}, {"영화명": "어벤져스", "감독": "조스 웨던", "출연": ["에드워드 노튼", "리브 타일러"], "개봉일": "2012.04.26", "시리즈": "페이즈1", "상영분": 142, "박스오피스": 1518812988}, {"영화명": "아이언 맨 3", "감독": "셰인 블랙", "개봉일": "2013.04.25", "시리즈": "페이즈2", "상영분": 129, "박스오피스": 1214811252}, {"영화명": "토르: 다크 월드", "감독": "앨런 테일러", "개봉일": "2013.10.30", "시리즈": "페이즈2", "상영분": 112, "박스오피스": 644602516}, {"영화명": "캡틴 아메리카: 윈터 솔져", "감독": "크리스토퍼 마커스", "개봉일": "2014.03.26", "시리즈": "페이즈2", "상영분": 136, "박스오피스": 714264267}, {"영화명": "가디언즈 오브 갤럭시", "감독": "제임스 건", "개봉일": "2014.07.31", "시리즈": "페이즈2", "상영분": 122, "박스오피스": 773328629}, {"영화명": "어벤져스: 에이지 오브 울트론", "감독": "조스 웨던", "개봉일": "2014.04.23", "시리즈": "페이즈2", "상영분": 142, "박스오피스": 1405403694}, {"영화명": "앤트맨", "감독": "페이턴 리드", "개봉일": "2015.07.17", "시리즈": "페이즈2", "상영분": 117, "박스오피스": 519311965}]